subject,timepoint,event,region,signal,inc_signal
s13,18,stim,parietal,-0.017551581538,-1.76
s5,14,stim,parietal,-0.0808829319505,-8.09
s12,18,stim,parietal,-0.0810330187333,-8.1
s11,18,stim,parietal,-0.04613439017519999,-4.61
s10,18,stim,parietal,-0.037970203264199996,-3.8
s9,18,stim,parietal,-0.10351309616,-10.35
s8,18,stim,parietal,-0.0644081947232,-6.44
s7,18,stim,parietal,-0.0605262017124,-6.05
s6,18,stim,parietal,-0.00702856091007,-0.7
s5,18,stim,parietal,-0.0405568546157,-4.06
s4,18,stim,parietal,-0.04881219994659999,-4.88
s3,18,stim,parietal,-0.0471481458275,-4.71
s2,18,stim,parietal,-0.08662295949179999,-8.66
s1,18,stim,parietal,-0.046659046163800004,-4.67
s0,18,stim,parietal,-0.0755699759477,-7.56
s13,17,stim,parietal,-0.00826462526111,-0.83
s12,17,stim,parietal,-0.08851175012250001,-8.85
s7,9,stim,parietal,0.058896545296999996,5.89
s10,17,stim,parietal,-0.016846516627,-1.68
s9,17,stim,parietal,-0.12157375579000004,-12.16
s8,17,stim,parietal,-0.0762871207962,-7.63
s7,17,stim,parietal,-0.043812021381900004,-4.38
s6,17,stim,parietal,-0.014746389298100003,-1.47
s5,17,stim,parietal,-0.0566820608044,-5.67
s4,17,stim,parietal,-0.044581900875900006,-4.46
s3,17,stim,parietal,-0.0535140677471,-5.35
s2,17,stim,parietal,-0.07729240018860001,-7.73
s1,17,stim,parietal,-0.0380205789406,-3.8
s0,17,stim,parietal,-0.07130038539780001,-7.13
s13,16,stim,parietal,-0.00285629387119,-0.29
s12,16,stim,parietal,-0.08994336333610001,-8.99
s11,16,stim,parietal,-0.04958703583380001,-4.96
s10,16,stim,parietal,-0.013566317631600001,-1.36
s9,16,stim,parietal,-0.131640690822,-13.16
s8,16,stim,parietal,-0.0930243109477,-9.3
s7,16,stim,parietal,-0.021897157826900004,-2.19
s8,9,stim,parietal,0.170226886344,17.02
s5,16,stim,parietal,-0.0641378420404,-6.41
s4,16,stim,parietal,-0.047433168385500005,-4.74
s3,16,stim,parietal,-0.0710224022162,-7.1
s2,16,stim,parietal,-0.06499816929169999,-6.5
s1,16,stim,parietal,-0.0613560305246,-6.14
s0,16,stim,parietal,-0.057715066878199994,-5.77
s13,15,stim,parietal,-0.0109714632203,-1.1
s12,15,stim,parietal,-0.08069796317139999,-8.07
s11,15,stim,parietal,-0.07211219404710001,-7.21
s10,15,stim,parietal,-0.028809304808099997,-2.88
s9,15,stim,parietal,-0.134828403383,-13.48
s8,15,stim,parietal,-0.112577596942,-11.26
s7,15,stim,parietal,-0.00938312919114,-0.94
s6,15,stim,parietal,-0.06872022524669999,-6.87
s5,15,stim,parietal,-0.0705615378511,-7.06
s4,15,stim,parietal,-0.0560310534918,-5.6
s3,15,stim,parietal,-0.09073518152820001,-9.07
s2,15,stim,parietal,-0.0554618569331,-5.55
s1,15,stim,parietal,-0.110742321796,-11.07
s0,15,stim,parietal,-0.053078664772300006,-5.31
s13,14,stim,parietal,-0.0337133890149,-3.37
s12,14,stim,parietal,-0.0682973367158,-6.83
s11,14,stim,parietal,-0.11446883040400001,-11.45
s10,14,stim,parietal,-0.0522877238724,-5.23
s9,14,stim,parietal,-0.1302665983,-13.03
s8,14,stim,parietal,-0.128447530062,-12.84
s7,14,stim,parietal,-0.0151398384821,-1.51
s6,14,stim,parietal,-0.09884463355350001,-9.88
s11,17,stim,parietal,-0.041960488856,-4.2
s4,14,stim,parietal,-0.0639904071723,-6.4
s0,0,stim,frontal,-0.0214524594615,-2.15
s3,14,stim,parietal,-0.110040787828,-11.0
s1,14,stim,parietal,-0.169311681158,-16.93
s0,14,stim,parietal,-0.052418751534199996,-5.24
s13,13,stim,parietal,-0.0686374735514,-6.86
s12,13,stim,parietal,-0.056306337975,-5.63
s11,13,stim,parietal,-0.157834186994,-15.78
s10,13,stim,parietal,-0.0738923487842,-7.39
s9,13,stim,parietal,-0.119383455482,-11.94
s8,13,stim,parietal,-0.1239496932,-12.39
s7,13,stim,parietal,-0.030026322192,-3.0
s6,13,stim,parietal,-0.133170667646,-13.32
s5,13,stim,parietal,-0.0949707046582,-9.5
s4,13,stim,parietal,-0.0747598671492,-7.48
s3,13,stim,parietal,-0.1165517168,-11.66
s2,13,stim,parietal,-0.052655737335700004,-5.27
s1,13,stim,parietal,-0.224351323052,-22.44
s1,0,stim,parietal,-0.064454004861,-6.45
s13,12,stim,parietal,-0.10098417524900001,-10.1
s12,12,stim,parietal,-0.052295304632900004,-5.23
s11,12,stim,parietal,-0.178509701862,-17.85
s10,12,stim,parietal,-0.08723241384569999,-8.72
s9,12,stim,parietal,-0.09778899569380001,-9.78
s8,12,stim,parietal,-0.0925108486782,-9.25
s7,12,stim,parietal,-0.0403852425182,-4.04
s6,12,stim,parietal,-0.150693428305,-15.07
s5,12,stim,parietal,-0.11049636909000002,-11.05
s4,12,stim,parietal,-0.0900360515443,-9.0
s3,12,stim,parietal,-0.09130095093839999,-9.13
s2,12,stim,parietal,-0.056376647172,-5.64
s1,12,stim,parietal,-0.25548585958000003,-25.55
s0,12,stim,parietal,-0.0529114831434,-5.29
s13,11,stim,parietal,-0.11257541213,-11.26
s12,11,stim,parietal,-0.05662844770740001,-5.66
s11,11,stim,parietal,-0.150709342539,-15.07
s10,11,stim,parietal,-0.0780802842964,-7.81
s9,11,stim,parietal,-0.072241225574,-7.22
s8,11,stim,parietal,-0.0280246228922,-2.8
s7,11,stim,parietal,-0.030991180776400007,-3.1
s6,11,stim,parietal,-0.134795422743,-13.48
s5,11,stim,parietal,-0.120694930753,-12.07
s4,11,stim,parietal,-0.12854654313,-12.85
s3,11,stim,parietal,-0.023273732815200003,-2.33
s2,11,stim,parietal,-0.0734168172716,-7.34
s1,11,stim,parietal,-0.238473764277,-23.85
s0,11,stim,parietal,-0.0514694724514,-5.15
s13,10,stim,parietal,-0.0745026100443,-7.45
s12,10,stim,parietal,-0.0669700192247,-6.7
s11,10,stim,parietal,-0.072780476678,-7.28
s10,10,stim,parietal,-0.0417023096317,-4.17
s9,10,stim,parietal,-0.0323796382167,-3.24
s8,10,stim,parietal,0.0651975099421,6.52
s7,10,stim,parietal,0.0016484911058300001,0.16
s6,10,stim,parietal,-0.0754333889525,-7.54
s5,10,stim,parietal,-0.114761917544,-11.48
s4,10,stim,parietal,-0.15265246158,-15.27
s3,10,stim,parietal,0.0892314787638,8.92
s2,10,stim,parietal,-0.0876876805188,-8.77
s1,10,stim,parietal,-0.13304099332699998,-13.3
s0,10,stim,parietal,-0.04791497301580002,-4.79
s13,9,stim,parietal,0.0132453345685,1.32
s12,9,stim,parietal,-0.0623350210256,-6.23
s11,9,stim,parietal,0.0454185313729,4.54
s10,9,stim,parietal,0.0310064467776,3.1
s9,9,stim,parietal,0.029052961628,2.91
s2,14,stim,parietal,-0.052874529950099995,-5.29
s6,9,stim,parietal,0.00901740401094,0.9
s7,3,stim,parietal,0.00954793068239,0.95
s0,7,stim,parietal,0.0743427528433,7.43
s3,9,stim,parietal,0.22171613873000004,22.17
s2,9,stim,parietal,-0.082613396203,-8.26
s1,9,stim,parietal,0.057891763880400016,5.79
s0,9,stim,parietal,-0.035586997112500005,-3.56
s13,8,stim,parietal,0.130991047051,13.1
s12,8,stim,parietal,-0.0275774798409,-2.76
s11,8,stim,parietal,0.169673297351,16.97
s10,8,stim,parietal,0.136290736966,13.63
s9,8,stim,parietal,0.121580532588,12.16
s8,8,stim,parietal,0.263207487992,26.32
s7,8,stim,parietal,0.13317559372999999,13.32
s6,8,stim,parietal,0.112147204561,11.21
s5,8,stim,parietal,0.006805135398060001,0.68
s4,8,stim,parietal,0.017534785968,1.75
s3,8,stim,parietal,0.337143297554,33.71
s6,2,stim,parietal,-0.0307806076045,-3.08
s1,8,stim,parietal,0.29463915741999996,29.46
s0,8,stim,parietal,0.00510065001767,0.51
s13,7,stim,parietal,0.24074707368599998,24.07
s12,7,stim,parietal,0.0501726783253,5.02
s11,7,stim,parietal,0.254042321237,25.4
s10,7,stim,parietal,0.245641759705,24.56
s9,7,stim,parietal,0.23823081561999998,23.82
s8,7,stim,parietal,0.312811033675,31.28
s7,7,stim,parietal,0.198789642958,19.88
s6,7,stim,parietal,0.214479570066,21.45
s5,7,stim,parietal,0.119176862322,11.92
s4,7,stim,parietal,0.22044852459199998,22.04
s3,7,stim,parietal,0.39046573376000004,39.05
s2,7,stim,parietal,0.0457436269453,4.57
s1,7,stim,parietal,0.494786865197,49.48
s4,9,stim,parietal,-0.11424198196699999,-11.42
s13,6,stim,parietal,0.291884318776,29.19
s12,5,stim,parietal,0.24813800944800002,24.81
s2,6,stim,frontal,0.10105043220599999,10.11
s1,6,stim,parietal,0.564984721448,56.5
s2,6,stim,parietal,0.143436119997,14.34
s3,6,stim,parietal,0.340479918138,34.05
s4,6,stim,parietal,0.40584005702799997,40.58
s5,6,stim,parietal,0.22149288327799999,22.15
s12,6,stim,parietal,0.157799926472,15.78
s7,6,stim,parietal,0.218061194469,21.81
s8,6,stim,parietal,0.298009042033,29.8
s9,6,stim,parietal,0.34591807436800004,34.59
s10,6,stim,parietal,0.296960232897,29.7
s11,6,stim,parietal,0.262771101488,26.28
s0,6,stim,parietal,0.143093371757,14.31
s6,6,stim,parietal,0.270955810073,27.1
s13,5,stim,parietal,0.25262726434099997,25.26
s6,5,stim,parietal,0.23917509783399998,23.92
s11,5,stim,parietal,0.194215001153,19.42
s10,5,stim,parietal,0.253871308297,25.39
s9,5,stim,parietal,0.381495102897,38.15
s8,5,stim,parietal,0.21285483643300002,21.29
s7,5,stim,parietal,0.177629510785,17.76
s5,5,stim,parietal,0.26005706923599997,26.01
s4,5,stim,parietal,0.460896318187,46.09
s3,5,stim,parietal,0.19918833824,19.92
s2,5,stim,parietal,0.209354958128,20.94
s1,5,stim,parietal,0.476055495497,47.61
s0,5,stim,parietal,0.17553169760600001,17.55
s13,4,stim,parietal,0.136219459793,13.62
s12,4,stim,parietal,0.261283304881,26.13
s2,8,stim,parietal,-0.0374066054162,-3.74
s11,4,stim,parietal,0.0871751702674,8.72
s7,2,stim,parietal,-0.0348741834216,-3.49
s4,2,stim,parietal,-0.0281087303981,-2.81
s8,4,stim,parietal,0.0931813640265,9.32
s7,4,stim,parietal,0.0933092582309,9.33
s6,4,stim,parietal,0.136847472437,13.68
s5,4,stim,parietal,0.208112190773,20.81
s4,4,stim,parietal,0.346774672362,34.68
s3,4,stim,parietal,0.0278785465127,2.79
s2,4,stim,parietal,0.196461030367,19.65
s1,4,stim,parietal,0.287293980823,28.73
s0,4,stim,parietal,0.15405788336100001,15.41
s13,3,stim,parietal,0.00841751428481,0.84
s12,3,stim,parietal,0.185581486022,18.56
s11,3,stim,parietal,-0.010137985855899999,-1.01
s10,3,stim,parietal,0.0458383526337,4.58
s9,3,stim,parietal,0.164445987706,16.44
s10,4,stim,parietal,0.143985648987,14.4
s8,3,stim,parietal,-0.00612280734889,-0.61
s6,3,stim,parietal,0.027562364835599998,2.76
s5,3,stim,parietal,0.0927117312126,9.27
s4,3,stim,parietal,0.141458050647,14.15
s3,3,stim,parietal,-0.08970777078,-8.97
s2,3,stim,parietal,0.10891557022199999,10.89
s1,3,stim,parietal,0.0922207832283,9.22
s0,3,stim,parietal,0.08639892293880001,8.64
s13,2,stim,parietal,-0.06291590684659999,-6.29
s12,2,stim,parietal,0.0772772101448,7.73
s11,2,stim,parietal,-0.0590890319945,-5.91
s10,2,stim,parietal,0.0117514891824,1.18
s9,2,stim,parietal,0.040620181407900004,4.06
s8,2,stim,parietal,-0.0499640186404,-5.0
s5,2,stim,parietal,-0.0174990444292,-1.75
s3,2,stim,parietal,-0.11056526279000001,-11.06
s9,4,stim,parietal,0.307250437048,30.73
s2,2,stim,parietal,0.00879137477466,0.88
s1,2,stim,parietal,-0.035153391354300005,-3.52
s0,2,stim,parietal,0.00964152991767,0.96
s13,1,stim,parietal,-0.0642564530879,-6.43
s12,1,stim,parietal,0.010624696534,1.06
s11,1,stim,parietal,-0.059354144857199996,-5.94
s10,1,stim,parietal,0.029822198264599996,2.98
s9,1,stim,parietal,-0.0127649638126,-1.28
s8,1,stim,parietal,-0.0495315318358,-4.95
s7,1,stim,parietal,-0.0238826223038,-2.39
s6,1,stim,parietal,-0.0373259336173,-3.73
s5,1,stim,parietal,-0.0639066373872,-6.39
s4,1,stim,parietal,-0.08217435804039999,-8.22
s3,1,stim,parietal,-0.0614603544278,-6.15
s2,1,stim,parietal,-0.0420866174374,-4.21
s1,1,stim,parietal,-0.0744017875989,-7.44
s0,1,stim,parietal,-0.0357352139038,-3.57
s13,0,stim,parietal,-0.042466603073699996,-4.25
s12,0,stim,parietal,0.00335775487784,0.34
s11,0,stim,parietal,-0.0446339217791,-4.46
s10,0,stim,parietal,0.0526185471798,5.26
s9,0,stim,parietal,-0.0183692770271,-1.84
s8,0,stim,parietal,-0.0343397320837,-3.43
s7,0,stim,parietal,0.00408135609976,0.41
s6,0,stim,parietal,-0.0233191548807,-2.33
s5,0,stim,parietal,-0.0512277101955,-5.12
s4,0,stim,parietal,-0.048868504750800006,-4.89
s3,0,stim,parietal,-0.00857603635283,-0.86
s2,0,stim,parietal,-0.0344071864202,-3.44
s5,9,stim,parietal,-0.0748428067959,-7.48
s0,13,stim,parietal,-0.05526368072769999,-5.53
s6,16,stim,parietal,-0.039950784210800006,-4.0
s10,4,stim,frontal,0.0300440528842,3.0
s11,4,stim,frontal,0.075957371738,7.6
s3,0,stim,frontal,0.0110564879557,1.11
s4,0,stim,frontal,-0.0175155017738,-1.75
s5,0,stim,frontal,-0.0229773510382,-2.3
s6,0,stim,frontal,-0.00794660736514,-0.79
s7,0,stim,frontal,-0.0208637774128,-2.09
s8,0,stim,frontal,0.01885189399,1.89
s9,0,stim,frontal,0.00288790240614,0.29
s10,0,stim,frontal,0.0743989963727,7.44
s11,0,stim,frontal,-0.028422663656,-2.84
s12,0,stim,frontal,0.038392460917699996,3.84
s13,0,stim,frontal,-0.0382661560354,-3.83
s0,1,stim,frontal,-0.0210536291102,-2.11
s1,1,stim,frontal,-0.0602726368389,-6.03
s2,1,stim,frontal,-0.036432999521,-3.64
s3,1,stim,frontal,-0.0102617412665,-1.03
s1,0,stim,frontal,-0.046048590200199996,-4.6
s5,1,stim,frontal,-0.0271789021177,-2.72
s6,1,stim,frontal,0.00956665177569,0.96
s7,1,stim,frontal,-0.0235255792331,-2.35
s8,1,stim,frontal,-0.00923150443538,-0.92
s9,1,stim,frontal,-0.005616425879319999,-0.56
s10,1,stim,frontal,0.0635584004637,6.36
s11,1,stim,frontal,-0.046234614754900004,-4.62
s12,1,stim,frontal,0.044769577296299996,4.48
s13,1,stim,frontal,-0.0464925630129,-4.65
s0,2,stim,frontal,-0.00903763731098,-0.9
s1,2,stim,frontal,-0.0375198109288,-3.75
s2,2,stim,frontal,-0.0107439374483,-1.07
s3,2,stim,frontal,-0.0573062927735,-5.73
s4,2,stim,frontal,-0.022762958962500003,-2.28
s5,2,stim,frontal,0.003835642103380001,0.38
s6,2,stim,frontal,0.025363154734999997,2.54
s7,2,stim,frontal,0.0017951089365799999,0.18
s8,2,stim,frontal,-0.042531903615499994,-4.25
s9,2,stim,frontal,-0.0144415260014,-1.44
s10,2,stim,frontal,0.0308917221226,3.09
s11,2,stim,frontal,-0.055153658518699994,-5.52
s12,2,stim,frontal,0.0750666129231,7.51
s13,2,stim,frontal,-0.024230703115099998,-2.42
s0,3,stim,frontal,0.026726699906,2.67
s1,3,stim,frontal,0.0575983739279,5.76
s2,3,stim,frontal,0.0574609669929,5.75
s3,3,stim,frontal,-0.07521335597249999,-7.52
s4,3,stim,frontal,0.120453727716,12.05
s5,3,stim,frontal,0.08662940541549999,8.66
s6,3,stim,frontal,0.0611197845412,6.11
s7,3,stim,frontal,0.0640016003297,6.4
s8,3,stim,frontal,-0.047032247436499995,-4.7
s9,3,stim,frontal,0.00206339929542,0.21
s10,3,stim,frontal,0.00959870090631,0.96
s11,3,stim,frontal,-0.0149878467224,-1.5
s12,3,stim,frontal,0.112746171369,11.27
s13,3,stim,frontal,0.0483176784389,4.83
s0,4,stim,frontal,0.0705575292618,7.06
s1,4,stim,frontal,0.202122689315,20.21
s2,4,stim,frontal,0.128158046374,12.82
s3,4,stim,frontal,-0.00183480915545,-0.18
s4,4,stim,frontal,0.324264821523,32.43
s5,4,stim,frontal,0.186011726948,18.6
s6,4,stim,frontal,0.134851244769,13.49
s7,4,stim,frontal,0.133497394423,13.35
s8,4,stim,frontal,-0.012083165600399999,-1.21
s9,4,stim,frontal,0.040636219985800005,4.06
s4,1,stim,frontal,-0.050523020963399994,-5.05
s12,4,stim,frontal,0.12304968245100001,12.3
s9,9,stim,frontal,-0.09656469547869999,-9.66
s13,4,stim,frontal,0.147685336045,14.77
s1,5,stim,frontal,0.31585962119000005,31.59
s2,5,stim,frontal,0.149879208805,14.99
s3,5,stim,frontal,0.147985329126,14.8
s4,5,stim,frontal,0.455574818936,45.56
s5,5,stim,frontal,0.23602540167599997,23.6
s6,5,stim,frontal,0.21348405272999998,21.35
s7,5,stim,frontal,0.17616070682799995,17.62
s8,5,stim,frontal,0.042811448229199994,4.28
s9,5,stim,frontal,0.05895263951550001,5.9
s10,5,stim,frontal,0.0727310324172,7.27
s11,5,stim,frontal,0.160734983232,16.07
s12,5,stim,frontal,0.0910269415202,9.1
s13,5,stim,frontal,0.211232397262,21.12
s0,6,stim,frontal,0.059436141935199985,5.94
s1,6,stim,frontal,0.321334601283,32.13
s0,5,stim,frontal,0.0853869967994,8.54
s3,6,stim,frontal,0.28222157970600004,28.22
s4,6,stim,frontal,0.410660972614,41.07
s5,6,stim,frontal,0.196370293043,19.64
s6,6,stim,frontal,0.246783997558,24.68
s7,6,stim,frontal,0.171116812089,17.11
s8,6,stim,frontal,0.08611977472760003,8.61
s9,6,stim,frontal,0.0328062245407,3.28
s10,6,stim,frontal,0.09224495325410001,9.22
s11,6,stim,frontal,0.176109444388,17.61
s12,6,stim,frontal,0.0327580046721,3.28
s13,6,stim,frontal,0.195928278229,19.59
s0,7,stim,frontal,0.00799326090472,0.8
s1,7,stim,frontal,0.20494333068300002,20.49
s2,0,stim,frontal,-0.0169852108573,-1.7
s3,7,stim,frontal,0.319009013543,31.9
s4,7,stim,frontal,0.218513616025,21.85
s5,7,stim,frontal,0.08822494738360001,8.82
s6,7,stim,frontal,0.20388410364700002,20.39
s7,7,stim,frontal,0.12677769874000006,12.68
s8,7,stim,frontal,0.102758652532,10.28
s9,7,stim,frontal,-0.0182161587995,-1.82
s10,7,stim,frontal,0.071110215695,7.11
s11,7,stim,frontal,0.100876282424,10.09
s12,7,stim,frontal,-0.0155974400049,-1.56
s13,7,stim,frontal,0.114907370649,11.49
s0,8,stim,frontal,-0.042792906461899996,-4.28
s1,8,stim,frontal,0.0366848710068,3.67
s2,8,stim,frontal,-0.057302350145699996,-5.73
s3,8,stim,frontal,0.24830210703400002,24.83
s4,8,stim,frontal,0.0109629220321,1.1
s5,8,stim,frontal,-0.0257432068711,-2.57
s6,8,stim,frontal,0.10875302065999999,10.88
s7,8,stim,frontal,0.0665348868349,6.65
s8,8,stim,frontal,0.0875068441963,8.75
s9,8,stim,frontal,-0.0670740370935,-6.71
s10,8,stim,frontal,0.0282991931797,2.83
s11,8,stim,frontal,-0.0173469329493,-1.73
s12,8,stim,frontal,-0.0415716689544,-4.16
s13,8,stim,frontal,0.013571183970700002,1.36
s0,9,stim,frontal,-0.0701018031155,-7.01
s1,9,stim,frontal,-0.09276764864949999,-9.28
s2,9,stim,frontal,-0.0861001606332,-8.61
s3,9,stim,frontal,0.127788732332,12.78
s4,9,stim,frontal,-0.108728887449,-10.87
s5,9,stim,frontal,-0.09737627624089999,-9.74
s6,9,stim,frontal,0.008616637023540001,0.86
s7,9,stim,frontal,0.0121323837445,1.21
s8,9,stim,frontal,0.0468268440164,4.68
s2,7,stim,frontal,0.0147630317538,1.48
s10,9,stim,frontal,-0.00273381445136,-0.27
s12,10,stim,frontal,-0.043594006113599995,-4.36
s12,9,stim,frontal,-0.047257276732,-4.73
s13,9,stim,frontal,-0.06805024910730001,-6.81
s0,10,stim,frontal,-0.0604329894039,-6.04
s1,10,stim,frontal,-0.14330215024,-14.33
s2,10,stim,frontal,-0.0759355234177,-7.59
s3,10,stim,frontal,0.0125251224024,1.25
s4,10,stim,frontal,-0.132442083726,-13.24
s5,10,stim,frontal,-0.118450927525,-11.85
s6,10,stim,frontal,-0.0759612307381,-7.6
s7,10,stim,frontal,-0.024942025404500003,-2.49
s8,10,stim,frontal,-0.00869981640303,-0.87
s9,10,stim,frontal,-0.101177843264,-10.12
s10,10,stim,frontal,-0.0153564272798,-1.54
s11,10,stim,frontal,-0.159771972051,-15.98
s13,10,stim,frontal,-0.110284644256,-11.03
s6,14,stim,frontal,-0.08851137824510001,-8.85
s0,11,stim,frontal,-0.0261040613509,-2.61
s1,11,stim,frontal,-0.13364655005599999,-13.36
s2,11,stim,frontal,-0.049446353537,-4.94
s3,11,stim,frontal,-0.0675200493551,-6.75
s4,11,stim,frontal,-0.107947321225,-10.79
s5,11,stim,frontal,-0.10393681679300001,-10.39
s6,11,stim,frontal,-0.138152435253,-13.82
s7,11,stim,frontal,-0.0425787763138,-4.26
s8,11,stim,frontal,-0.060692043695,-6.07
s9,11,stim,frontal,-0.09275823315239999,-9.28
s10,11,stim,frontal,-0.020110180842799998,-2.01
s11,11,stim,frontal,-0.15456374771,-15.46
s12,11,stim,frontal,-0.0353774985791,-3.54
s0,12,stim,frontal,0.00306715009204,0.31
s13,11,stim,frontal,-0.11421541126700001,-11.42
s1,12,stim,frontal,-0.09341070763699999,-9.34
s4,14,stim,frontal,-0.0706921364543,-7.07
s2,12,stim,frontal,-0.027012441705900003,-2.7
s9,15,stim,frontal,-0.0480074675662,-4.8
s4,12,stim,frontal,-0.0804438088945,-8.04
s5,12,stim,frontal,-0.07953805172339999,-7.95
s6,12,stim,frontal,-0.155545872019,-15.55
s7,12,stim,frontal,-0.042475087106300005,-4.25
s8,12,stim,frontal,-0.09682529697450001,-9.68
s9,12,stim,frontal,-0.0836627537109,-8.37
s10,12,stim,frontal,-0.019424671253,-1.94
s11,12,stim,frontal,-0.11536878007099999,-11.54
s12,12,stim,frontal,-0.032615656200900005,-3.26
s13,12,stim,frontal,-0.0900874242966,-9.01
s0,13,stim,frontal,0.0033298258602399997,0.33
s1,13,stim,frontal,-0.0527141572176,-5.27
s2,13,stim,frontal,-0.016092268153799997,-1.61
s3,13,stim,frontal,-0.107386192502,-10.74
s4,13,stim,frontal,-0.0712268148965,-7.12
s5,13,stim,frontal,-0.0546139708001,-5.46
s6,13,stim,frontal,-0.132768265808,-13.28
s7,13,stim,frontal,-0.026164597815099996,-2.62
s8,13,stim,frontal,-0.109370504289,-10.94
s9,13,stim,frontal,-0.07548380610330001,-7.55
s10,13,stim,frontal,-0.0137401688662,-1.37
s11,13,stim,frontal,-0.0652446872829,-6.52
s12,13,stim,frontal,-0.0326627425606,-3.27
s13,13,stim,frontal,-0.055233993508,-5.52
s0,14,stim,frontal,-0.00269970487539,-0.27
s1,14,stim,frontal,-0.0210033263802,-2.1
s2,14,stim,frontal,-0.010428949296900001,-1.04
s3,14,stim,frontal,-0.09036256363600001,-9.04
s5,14,stim,frontal,-0.037696315052199995,-3.77
s3,12,stim,frontal,-0.10347735239700001,-10.35
s7,14,stim,frontal,-0.000925176693984,-0.09
s10,16,stim,frontal,-0.0030570150062900004,-0.31
s9,14,stim,frontal,-0.06181713710300001,-6.18
s10,14,stim,frontal,-0.0071620233331,-0.72
s11,14,stim,frontal,-0.029557810763500007,-2.96
s12,14,stim,frontal,-0.0397865885476,-3.98
s13,14,stim,frontal,-0.022505925822099995,-2.25
s0,15,stim,frontal,-0.0119660179605,-1.2
s1,15,stim,frontal,-0.00513411267168,-0.51
s2,15,stim,frontal,-0.013845701867200001,-1.38
s3,15,stim,frontal,-0.063136252215,-6.31
s4,15,stim,frontal,-0.07093689687410001,-7.09
s5,15,stim,frontal,-0.028026991808700004,-2.8
s6,15,stim,frontal,-0.040139364069,-4.01
s11,9,stim,frontal,-0.11430426359200001,-11.43
s8,15,stim,frontal,-0.0848246341162,-8.48
s10,15,stim,frontal,-0.00411803725385,-0.41
s11,15,stim,frontal,-0.016906626259700002,-1.69
s12,15,stim,frontal,-0.0496887494108,-4.97
s13,15,stim,frontal,-7.56480581685e-05,-0.01
s0,16,stim,frontal,-0.0213990846195,-2.14
s1,16,stim,frontal,-0.0027187873155,-0.27
s2,16,stim,frontal,-0.0306336275507,-3.06
s3,16,stim,frontal,-0.0340231130191,-3.4
s4,16,stim,frontal,-0.06593923040289999,-6.59
s5,16,stim,frontal,-0.026811782099599998,-2.68
s6,16,stim,frontal,-0.0029256033178100002,-0.29
s7,16,stim,frontal,0.014300699118800001,1.43
s8,16,stim,frontal,-0.06450958840490001,-6.45
s9,16,stim,frontal,-0.0367394383882,-3.67
s0,17,stim,frontal,-0.0393222656115,-3.93
s8,14,stim,frontal,-0.102197957935,-10.22
s7,15,stim,frontal,0.015163029763,1.52
s11,16,stim,frontal,-0.0207952752934,-2.08
s2,18,stim,frontal,-0.058470978469199984,-5.85
s12,16,stim,frontal,-0.05946202186430001,-5.95
s2,17,stim,frontal,-0.0490784875502,-4.91
s3,17,stim,frontal,-0.0144004460979,-1.44
s4,17,stim,frontal,-0.0625056570924,-6.25
s5,17,stim,frontal,-0.029920708961200002,-2.99
s6,17,stim,frontal,0.0385751908208,3.86
s7,17,stim,frontal,0.00121181141337,0.12
s8,17,stim,frontal,-0.04265739048830002,-4.27
s9,17,stim,frontal,-0.0300992820085,-3.01
s11,17,stim,frontal,-0.025345201288,-2.53
s12,17,stim,frontal,-0.0601343617828,-6.01
s13,17,stim,frontal,0.0234939806648,2.35
s0,18,stim,frontal,-0.0484297385322,-4.84
s1,18,stim,frontal,-0.035852428488800006,-3.59
s10,17,stim,frontal,-0.00457116262107,-0.46
s3,18,stim,frontal,-0.0109204163368,-1.09
s9,18,stim,frontal,-0.00995933986682,-1.0
s1,17,stim,frontal,-0.015685861010700002,-1.57
s0,0,stim,parietal,-0.0393266005945,-3.93
s13,18,stim,frontal,0.0244253694066,2.44
s12,18,stim,frontal,-0.062332344586199996,-6.23
s11,18,stim,frontal,-0.0307844658374,-3.08
s10,18,stim,frontal,-0.00892838562082,-0.89
s13,16,stim,frontal,0.014085462730499999,1.41
s8,18,stim,frontal,-0.0111144370761,-1.11
s6,18,stim,frontal,0.0464997185079,4.65
s5,18,stim,frontal,-0.031012561254799998,-3.1
s4,18,stim,frontal,-0.0632631135055,-6.33
s7,18,stim,frontal,-0.019634012601999998,-1.96
s3,4,cue,parietal,0.058218611496199994,5.82
s6,5,cue,parietal,0.0381453368558,3.81
s7,5,cue,parietal,-0.00815845041105,-0.82
s8,5,cue,parietal,0.047136224538199996,4.71
s9,5,cue,parietal,0.05584730959840002,5.58
s10,5,cue,parietal,0.0378916680876,3.79
s0,4,cue,parietal,0.11532113825,11.53
s1,4,cue,parietal,0.14924178269000002,14.92
s12,5,cue,parietal,0.047576637131,4.76
s7,2,cue,parietal,-0.0766085900041,-7.66
s8,2,cue,parietal,-0.021568717167199998,-2.16
s9,2,cue,parietal,-0.009779187687450001,-0.98
s4,5,cue,parietal,0.186053377099,18.61
s5,5,cue,parietal,0.0286996754562,2.87
s2,4,cue,parietal,0.0484638721715,4.85
s3,5,cue,parietal,0.08890360175169999,8.89
s2,5,cue,parietal,0.0072156380148500005,0.72
s1,5,cue,parietal,0.215735229271,21.57
s0,5,cue,parietal,0.102043892318,10.2
s13,4,cue,parietal,0.0536918415969,5.37
s12,4,cue,parietal,0.058198039644,5.82
s11,4,cue,parietal,0.00801326082815,0.8
s10,4,cue,parietal,0.0341087612233,3.41
s9,4,cue,parietal,0.06118767496930001,6.12
s8,4,cue,parietal,0.0312011634308,3.12
s7,4,cue,parietal,-0.0463474492093,-4.63
s6,4,cue,parietal,0.022270933550299996,2.23
s5,4,cue,parietal,0.0515414564243,5.15
s4,4,cue,parietal,0.21311712457100002,21.31
s11,2,cue,parietal,-0.0548464730976,-5.48
s10,2,cue,parietal,-0.0261177119822,-2.61
s9,8,cue,parietal,-0.039841119629099996,-3.98
s12,2,cue,parietal,-0.009485104106829999,-0.95
s13,5,cue,parietal,0.08102674417780001,8.1
s4,14,cue,frontal,-0.026796022309599998,-2.68
s8,8,cue,parietal,-0.0234004944386,-2.34
s7,8,cue,parietal,0.0183984526248,1.84
s6,8,cue,parietal,-0.056233739376,-5.62
s5,8,cue,parietal,-0.0570726138705,-5.71
s4,8,cue,parietal,-0.181240908779,-18.12
s3,8,cue,parietal,-0.016938743479599998,-1.69
s2,8,cue,parietal,-0.0774126485299,-7.74
s1,8,cue,parietal,-0.0657555651727,-6.58
s0,8,cue,parietal,-0.00273843592227,-0.27
s13,7,cue,parietal,0.003324151435,0.33
s12,7,cue,parietal,-0.010310669750299999,-1.03
s10,7,cue,parietal,-0.039477242766,-3.95
s5,14,cue,frontal,-0.0172127890483,-1.72
s11,5,cue,parietal,0.0426131300884,4.26
s13,2,cue,parietal,-0.0293295919832,-2.93
s13,3,cue,parietal,0.0007478637340930001,0.07
s12,3,cue,parietal,0.030269742656099996,3.03
s11,3,cue,parietal,-0.0321585389528,-3.22
s10,3,cue,parietal,0.0020683005827400003,0.21
s9,3,cue,parietal,0.0292979500758,2.93
s8,3,cue,parietal,-0.0008228869715830001,-0.08
s7,3,cue,parietal,-0.0713861989094,-7.14
s6,3,cue,parietal,-0.00929622159607,-0.93
s5,3,cue,parietal,0.046518559180300005,4.65
s4,3,cue,parietal,0.129606378289,12.96
s3,3,cue,parietal,0.0147962077845,1.48
s2,3,cue,parietal,0.049428130400800005,4.94
s1,3,cue,parietal,0.0330026478324,3.3
s0,3,cue,parietal,0.08504010878260003,8.5
s9,0,cue,frontal,-0.00811691318458,-0.81
s9,6,cue,frontal,0.026863560506599996,2.69
s3,14,cue,frontal,-0.030613968525200007,-3.06
s8,3,cue,frontal,-0.004987169077270001,-0.5
s4,6,cue,frontal,0.0634867092855,6.35
s3,6,cue,frontal,0.0739015779525,7.39
s2,6,cue,frontal,-0.0544052334484,-5.44
s1,6,cue,frontal,0.058831446676400015,5.88
s0,6,cue,frontal,0.050775750646000005,5.08
s13,5,cue,frontal,0.0567314714945,5.67
s12,5,cue,frontal,-0.00680544471978,-0.68
s11,5,cue,frontal,0.015301035309500001,1.53
s10,5,cue,frontal,-0.00896435593861,-0.9
s9,5,cue,frontal,0.047047564862,4.7
s8,5,cue,frontal,0.0182597693007,1.83
s7,5,cue,frontal,-0.0179456487935,-1.79
s5,5,cue,frontal,0.0358297688961,3.58
s0,7,cue,frontal,0.034597218947800004,3.46
s6,3,cue,frontal,0.00890078602149,0.89
s2,14,cue,frontal,0.038996176809699995,3.9
s8,1,cue,frontal,-0.00470193318958,-0.47
s7,1,cue,frontal,-0.045231826660199995,-4.52
s6,1,cue,frontal,0.0140633977838,1.41
s5,1,cue,frontal,-0.018492885156199998,-1.85
s4,1,cue,frontal,-0.0316738519857,-3.17
s3,1,cue,frontal,0.000653061855057,0.07
s2,1,cue,frontal,-0.010528293727100001,-1.05
s1,1,cue,frontal,-0.045580469935099996,-4.56
s0,1,cue,frontal,0.0164397984053,1.64
s13,0,cue,frontal,-0.0125760065596,-1.26
s12,0,cue,frontal,0.00523904905204,0.52
s11,0,cue,frontal,-0.0500327450639,-5.0
s10,0,cue,frontal,-0.0124119927481,-1.24
s11,8,cue,parietal,0.005470157629699999,0.55
s5,6,cue,frontal,0.012550962052700001,1.26
s6,6,cue,frontal,-0.021459549970499998,-2.15
s7,6,cue,frontal,-0.00330716756452,-0.33
s8,6,cue,frontal,0.022374201699900002,2.24
s2,5,cue,frontal,-0.013418023288600001,-1.34
s1,5,cue,frontal,0.128592379736,12.86
s0,5,cue,frontal,0.06708639987119999,6.71
s13,4,cue,frontal,0.0587040696456,5.87
s12,4,cue,frontal,-0.0004570910724180001,-0.05
s11,4,cue,frontal,-0.00453321687892,-0.45
s10,4,cue,frontal,-0.0041326642896,-0.41
s9,4,cue,frontal,0.0549092195229,5.49
s8,4,cue,frontal,0.00784968399311,0.78
s7,4,cue,frontal,-0.0308180082987,-3.08
s6,4,cue,frontal,0.0024072842748800003,0.24
s5,4,cue,frontal,0.0408262184082,4.08
s4,4,cue,frontal,0.20417063097399998,20.42
s3,4,cue,frontal,0.053442922829400004,5.34
s2,4,cue,frontal,0.013211855295899999,1.32
s1,4,cue,frontal,0.112545102272,11.25
s0,4,cue,frontal,0.0697752064117,6.98
s13,3,cue,frontal,0.0341351352969,3.41
s12,3,cue,frontal,-0.00215893498758,-0.22
s11,3,cue,frontal,-0.0368399595269,-3.68
s10,3,cue,frontal,-0.0123926975795,-1.24
s3,5,cue,frontal,0.0804468579247,8.04
s9,3,cue,frontal,0.0485983896956,4.86
s4,5,cue,frontal,0.188521242471,18.85
s6,5,cue,frontal,-0.007726105889909999,-0.77
s13,6,cue,frontal,0.022420434875799998,2.24
s12,6,cue,frontal,-0.00885467067635,-0.89
s11,6,cue,frontal,0.00573408069619,0.57
s10,6,cue,frontal,-0.027480803974099997,-2.75
s10,8,cue,parietal,-0.0661645494002,-6.62
s9,14,cue,frontal,0.010535492664399999,1.05
s12,8,cue,parietal,-0.0174229360442,-1.74
s12,17,cue,frontal,0.0036709331864399996,0.37
s8,1,cue,parietal,-0.0226751874055,-2.27
s7,1,cue,parietal,-0.07413183656280001,-7.41
s6,1,cue,parietal,-0.00428350321103,-0.43
s5,1,cue,parietal,0.0100858382625,1.01
s4,1,cue,parietal,-0.0374294562033,-3.74
s3,1,cue,parietal,-0.0215063507368,-2.15
s2,1,cue,parietal,0.00106607278632,0.11
s1,1,cue,parietal,-0.0709318988341,-7.09
s0,1,cue,parietal,0.000300322694975,0.03
s13,0,cue,parietal,-0.018393733949400002,-1.84
s12,0,cue,parietal,-0.0147968933344,-1.48
s11,0,cue,parietal,-0.0518957509165,-5.19
s10,0,cue,parietal,-0.0314295520884,-3.14
s13,17,cue,frontal,-0.00419011651606,-0.42
s11,17,cue,frontal,0.0737572737005,7.38
s13,8,cue,parietal,-0.0484351731185,-4.84
s10,17,cue,frontal,0.005243757404229999,0.52
s12,15,cue,frontal,-0.00448951009453,-0.45
s11,15,cue,frontal,0.0471023070477,4.71
s10,15,cue,frontal,0.0112412835158,1.12
s9,15,cue,frontal,0.0021702084283200004,0.22
s8,15,cue,frontal,0.025383209751499998,2.54
s7,15,cue,frontal,-0.027466991959,-2.75
s6,15,cue,frontal,0.0100518294106,1.01
s5,15,cue,frontal,-0.0195068625872,-1.95
s4,15,cue,frontal,-0.032512333508,-3.25
s3,15,cue,frontal,-0.0223767538583,-2.24
s2,15,cue,frontal,0.0247336480706,2.47
s1,15,cue,frontal,0.0125941591083,1.26
s0,15,cue,frontal,-0.019636632338,-1.96
s9,1,cue,parietal,-0.027914575721400003,-2.79
s10,1,cue,parietal,-0.0387324510709,-3.87
s11,1,cue,parietal,-0.0589195061288,-5.89
s12,1,cue,parietal,-0.025904224624799996,-2.59
s7,0,cue,frontal,-0.0430214968651,-4.3
s5,0,cue,parietal,0.00431520673796,0.43
s4,0,cue,parietal,-0.0459561860199,-4.6
s3,0,cue,parietal,-0.021160150056599998,-2.12
s2,0,cue,parietal,0.00614232810141,0.61
s1,0,cue,parietal,-0.0577055085078,-5.77
s1,0,cue,frontal,-0.040937102696000004,-4.09
s13,18,cue,frontal,-0.012163495715,-1.22
s12,18,cue,frontal,0.0043837206407100005,0.44
s11,18,cue,frontal,0.0905198558908,9.05
s6,0,cue,parietal,0.0214495567704,2.14
s10,18,cue,frontal,-0.00325075890227,-0.33
s8,18,cue,frontal,0.014358246517299996,1.44
s7,18,cue,frontal,-0.0374389826447,-3.74
s6,18,cue,frontal,0.0122480941706,1.22
s5,18,cue,frontal,0.0225013307677,2.25
s4,18,cue,frontal,-0.045560288536400005,-4.56
s3,18,cue,frontal,-0.0234015787962,-2.34
s2,18,cue,frontal,0.015343379465399999,1.53
s1,18,cue,frontal,-0.0015336926013900002,-0.15
s0,18,cue,frontal,-0.00349674253765,-0.35
s9,18,cue,frontal,-0.0006433163982769999,-0.06
s7,0,cue,parietal,-0.0635374390609,-6.35
s8,0,cue,parietal,-0.015460331531100003,-1.55
s9,0,cue,parietal,-0.0289925765556,-2.9
s2,2,cue,parietal,0.0195906789676,1.96
s1,2,cue,parietal,-0.052212934781599996,-5.22
s0,2,cue,parietal,0.033219554326999995,3.32
s13,1,cue,parietal,-0.025184002269900002,-2.52
s13,14,cue,frontal,-0.00570123521875,-0.57
s12,14,cue,frontal,-0.0033179533740100003,-0.33
s11,14,cue,frontal,0.0501327381579,5.01
s6,2,cue,parietal,-0.0229244487433,-2.29
s6,7,cue,parietal,-0.0198747030483,-1.99
s5,7,cue,parietal,-0.0423492412146,-4.23
s4,7,cue,parietal,-0.108222328291,-10.82
s3,7,cue,parietal,0.0414749599559,4.15
s2,7,cue,parietal,-0.0781117179409,-7.81
s1,7,cue,parietal,0.06564442019859999,6.56
s0,7,cue,parietal,0.025388883034099998,2.54
s13,6,cue,parietal,0.05722201441319999,5.72
s12,6,cue,parietal,0.0149150459614,1.49
s11,6,cue,parietal,0.05398855650719999,5.4
s10,6,cue,parietal,0.00620823813521,0.62
s9,6,cue,parietal,0.0173086844111,1.73
s8,6,cue,parietal,0.0353399574933,3.53
s7,6,cue,parietal,0.0233853400255,2.34
s6,6,cue,parietal,0.020649400612299997,2.06
s5,6,cue,parietal,-0.009096555114760001,-0.91
s4,6,cue,parietal,0.0493844589057,4.94
s3,6,cue,parietal,0.0849996187345,8.5
s2,6,cue,parietal,-0.0468407445775,-4.68
s1,6,cue,parietal,0.181532924007,18.15
s8,7,cue,parietal,0.00526227983545,0.53
s0,6,cue,parietal,0.0637987867698,6.38
s9,7,cue,parietal,-0.0234819381623,-2.35
s11,7,cue,parietal,0.036892431833099995,3.69
s4,9,cue,parietal,-0.149299267642,-14.93
s3,9,cue,parietal,-0.0659350721893,-6.59
s2,9,cue,parietal,-0.053902534274000005,-5.39
s1,9,cue,parietal,-0.152929131484,-15.29
s0,9,cue,parietal,-0.020043653294900002,-2.0
s7,7,cue,parietal,0.030374543163099996,3.04
s5,2,cue,parietal,0.0254025839431,2.54
s10,14,cue,frontal,0.0071673404014099985,0.72
s4,2,cue,parietal,0.021762353643299998,2.18
s8,14,cue,frontal,0.021794111017400003,2.18
s7,14,cue,frontal,-0.0198314565368,-1.98
s6,14,cue,frontal,-0.0208147703811,-2.08
s13,15,cue,frontal,-0.00305348061239,-0.31
s3,2,cue,parietal,-0.013869412300200001,-1.39
s0,16,cue,frontal,-0.0171919266504,-1.72
s2,16,cue,frontal,0.0145098643656,1.45
s9,17,cue,frontal,-0.0049004083947,-0.49
s8,17,cue,frontal,0.013762123577000001,1.38
s7,17,cue,frontal,-0.0444741031444,-4.45
s6,17,cue,frontal,0.0204153378087,2.04
s5,17,cue,frontal,0.00588373422725,0.59
s4,17,cue,frontal,-0.044785627350399995,-4.48
s3,17,cue,frontal,-0.0141380828752,-1.41
s2,17,cue,frontal,0.010319405043399999,1.03
s1,17,cue,frontal,-0.00043873874897500017,-0.04
s0,17,cue,frontal,-0.010375215296299999,-1.04
s13,16,cue,frontal,-0.0025219123314,-0.25
s12,16,cue,frontal,-0.00172336864926,-0.17
s11,16,cue,frontal,0.057105395789199986,5.71
s10,16,cue,frontal,0.010163192917799999,1.02
s9,16,cue,frontal,-0.00428986666204,-0.43
s8,16,cue,frontal,0.0163316275274,1.63
s7,16,cue,frontal,-0.0396866842019,-3.97
s6,16,cue,frontal,0.031506509003400004,3.15
s5,16,cue,frontal,-0.0100683021535,-1.01
s4,16,cue,frontal,-0.0408622819528,-4.09
s3,16,cue,frontal,-0.0168074650838,-1.68
s1,16,cue,frontal,0.00457908374535,0.46
s8,0,cue,frontal,0.010416979985799999,1.04
s7,12,cue,parietal,-0.020127482186799998,-2.01
s6,0,cue,frontal,0.018652538309799998,1.87
s13,17,cue,parietal,-0.017293378635799998,-1.73
s12,18,cue,parietal,-0.0114341079411,-1.14
s11,18,cue,parietal,0.0431949665488,4.32
s10,18,cue,parietal,-0.043577498564800005,-4.36
s9,18,cue,parietal,-0.051040172801099994,-5.1
s8,18,cue,parietal,-0.0170971882592,-1.71
s7,18,cue,parietal,-0.0133806287451,-1.34
s6,18,cue,parietal,0.0195316379848,1.95
s5,18,cue,parietal,0.0371607084325,3.72
s4,18,cue,parietal,-0.052735580722400005,-5.27
s3,18,cue,parietal,-0.0397100941829,-3.97
s2,18,cue,parietal,0.0178053386573,1.78
s1,18,cue,parietal,-0.0263701313418,-2.64
s0,18,cue,parietal,-0.0146635254755,-1.47
s6,14,cue,parietal,-0.0142616476371,-1.43
s11,17,cue,parietal,0.0318670051798,3.19
s13,18,cue,parietal,-0.0208155049959,-2.08
s10,17,cue,parietal,-0.0312467589892,-3.12
s9,17,cue,parietal,-0.0363623279856,-3.64
s8,17,cue,parietal,-0.00591917445721,-0.59
s7,17,cue,parietal,-0.026435320035799997,-2.64
s6,17,cue,parietal,0.0279699301572,2.8
s5,17,cue,parietal,0.025827300027200004,2.58
s4,17,cue,parietal,-0.0373954538034,-3.74
s3,17,cue,parietal,-0.0395893913264,-3.96
s2,17,cue,parietal,0.0178025751851,1.78
s1,17,cue,parietal,-0.0104811213701,-1.05
s0,17,cue,parietal,-0.0258956572719,-2.59
s13,16,cue,parietal,-0.00937936303601,-0.94
s12,16,cue,parietal,-0.022735163424,-2.27
s12,17,cue,parietal,-0.0153776919753,-1.54
s7,9,cue,parietal,-0.00015903753670700005,-0.02
s11,16,cue,parietal,0.029306763807299997,2.93
s10,16,cue,parietal,-0.0169822376089,-1.7
s9,16,cue,parietal,-0.0353947901914,-3.54
s6,16,cue,parietal,0.0206264477832,2.06
s5,16,cue,parietal,0.0160045120059,1.6
s4,16,cue,parietal,-0.020759130944700003,-2.08
s3,16,cue,parietal,-0.041899294928099996,-4.19
s2,16,cue,parietal,0.0249311031,2.49
s1,16,cue,parietal,-0.00034926938083300004,-0.03
s0,16,cue,parietal,-0.026121668593900003,-2.61
s13,15,cue,parietal,-0.00138989175368,-0.14
s12,15,cue,parietal,-0.0248011314139,-2.48
s11,15,cue,parietal,0.037434527005199995,3.74
s10,15,cue,parietal,-0.008887011227049999,-0.89
s9,15,cue,parietal,-0.0382567607244,-3.83
s8,15,cue,parietal,0.0035904133751,0.36
s7,15,cue,parietal,-0.0138385715149,-1.38
s6,15,cue,parietal,0.006440906502939999,0.64
s5,15,cue,parietal,0.00788463386574,0.79
s4,15,cue,parietal,-0.0122946946186,-1.23
s3,15,cue,parietal,-0.0422532327786,-4.23
s2,15,cue,parietal,0.0315954006514,3.16
s1,15,cue,parietal,0.0032377943669899996,0.32
s0,15,cue,parietal,-0.0256137872876,-2.56
s13,14,cue,parietal,-0.0037138094437800004,-0.37
s12,14,cue,parietal,-0.0218242453639,-2.18
s11,14,cue,parietal,0.0413420912135,4.13
s10,14,cue,parietal,-0.01076149627,-1.08
s9,14,cue,parietal,-0.034386455789699996,-3.44
s8,14,cue,parietal,-0.007202160882479999,-0.72
s7,14,cue,parietal,-0.00865464722562,-0.87
s8,16,cue,parietal,0.000848484335915,0.08
s5,14,cue,parietal,0.00481594181701,0.48
s3,14,cue,parietal,-0.0483762564626,-4.84
s5,0,cue,frontal,-0.027032713030400002,-2.7
s2,13,cue,parietal,0.0394762595721,3.95
s13,11,cue,parietal,-0.0506949753525,-5.07
s1,14,cue,parietal,-0.0190197680179,-1.9
s0,14,cue,parietal,-0.031080444880300002,-3.11
s13,13,cue,parietal,-0.009111630042,-0.91
s12,13,cue,parietal,-0.020109147284799997,-2.01
s11,13,cue,parietal,0.028160690140800002,2.82
s10,13,cue,parietal,-0.021587219240700003,-2.16
s9,13,cue,parietal,-0.0169703491926,-1.7
s8,13,cue,parietal,-0.0264047266,-2.64
s7,13,cue,parietal,-0.014084210692700001,-1.41
s6,13,cue,parietal,-0.030560872725800006,-3.06
s5,13,cue,parietal,-0.00650677088446,-0.65
s4,13,cue,parietal,-0.010612646217499999,-1.06
s3,13,cue,parietal,-0.0637047193938,-6.37
s2,14,cue,parietal,0.0358399852165,3.58
s10,11,cue,parietal,-0.0454599782412,-4.55
s0,13,cue,parietal,-0.035779817917,-3.58
s1,12,cue,parietal,-0.103784572155,-10.38
s2,12,cue,parietal,0.030922674157599996,3.09
s3,12,cue,parietal,-0.0814599979227,-8.15
s4,12,cue,parietal,-0.00709210399119,-0.71
s1,13,cue,parietal,-0.0527102127415,-5.27
s6,12,cue,parietal,-0.042589368053599995,-4.26
s5,12,cue,parietal,-0.0220329006251,-2.2
s8,12,cue,parietal,-0.0421123872143,-4.21
s9,12,cue,parietal,-0.00404433151899,-0.4
s10,12,cue,parietal,-0.0309973342255,-3.1
s11,12,cue,parietal,-0.00237654002501,-0.24
s12,12,cue,parietal,-0.0178295249988,-1.78
s13,12,cue,parietal,-0.0257164101976,-2.57
s0,12,cue,parietal,-0.036943354135300005,-3.69
s12,10,cue,parietal,-0.0179281868977,-1.79
s12,11,cue,parietal,-0.0185363979845,-1.85
s9,10,cue,parietal,-0.0135379597181,-1.35
s9,11,cue,parietal,-0.00414114683393,-0.41
s8,11,cue,parietal,-0.045938702772599996,-4.59
s7,11,cue,parietal,-0.020265760532099997,-2.03
s6,11,cue,parietal,-0.0516043435149,-5.16
s5,11,cue,parietal,-0.039027386376699995,-3.9
s4,11,cue,parietal,-0.0190119095318,-1.9
s3,11,cue,parietal,-0.0942313372239,-9.42
s2,11,cue,parietal,0.00913697311649,0.91
s1,11,cue,parietal,-0.14978519266100002,-14.98
s0,11,cue,parietal,-0.039001979212699996,-3.9
s13,10,cue,parietal,-0.0733276094632,-7.33
s4,14,cue,parietal,-0.0118680151433,-1.19
s11,10,cue,parietal,-0.042917220338,-4.29
s11,11,cue,parietal,-0.034447322855300014,-3.44
s10,10,cue,parietal,-0.056047260253099994,-5.6
s8,10,cue,parietal,-0.045905959259199984,-4.59
s7,10,cue,parietal,-0.0142832458072,-1.43
s6,10,cue,parietal,-0.0637547873885,-6.38
s5,10,cue,parietal,-0.049764670767700005,-4.98
s4,10,cue,parietal,-0.0689714268396,-6.9
s3,10,cue,parietal,-0.0917491496902,-9.17
s2,10,cue,parietal,-0.022062221294900004,-2.21
s1,10,cue,parietal,-0.17645250841,-17.65
s0,10,cue,parietal,-0.032698832431900006,-3.27
s13,9,cue,parietal,-0.07507945052069999,-7.51
s12,9,cue,parietal,-0.0173973079805,-1.74
s11,9,cue,parietal,-0.026744402820200002,-2.67
s10,9,cue,parietal,-0.0677246043773,-6.77
s9,9,cue,parietal,-0.029546394276299997,-2.95
s7,16,cue,parietal,-0.0245893063994,-2.46
s8,9,cue,parietal,-0.039663695843300005,-3.97
s0,0,cue,frontal,0.00776611182029,0.78
s3,11,cue,frontal,-0.088991179696,-8.9
s3,12,cue,frontal,-0.07071404950839999,-7.07
s2,12,cue,frontal,0.042362869768500004,4.24
s1,12,cue,frontal,0.0122552469576,1.23
s0,12,cue,frontal,-0.00712513368928,-0.71
s13,11,cue,frontal,-0.0403692122031,-4.04
s12,11,cue,frontal,-0.006349258059760001,-0.63
s11,11,cue,frontal,0.0305283964358,3.05
s10,11,cue,frontal,-0.00150336559644,-0.15
s9,11,cue,frontal,0.0203803438083,2.04
s8,11,cue,frontal,-0.014830160753,-1.48
s7,11,cue,frontal,-0.0051140807625100005,-0.51
s6,11,cue,frontal,-0.0520117791936,-5.2
s5,11,cue,frontal,-0.023329026041,-2.33
s4,11,cue,frontal,-0.0246927650157,-2.47
s2,11,cue,frontal,0.0226803666835,2.27
s6,9,cue,parietal,-0.0692480810464,-6.92
s1,11,cue,frontal,-0.0327696443626,-3.28
s0,11,cue,frontal,0.00746043079225,0.75
s13,10,cue,frontal,-0.0662865277457,-6.63
s12,10,cue,frontal,-0.00935375301823,-0.94
s5,12,cue,frontal,-0.0181459403033,-1.81
s11,10,cue,frontal,-0.00413791137607,-0.41
s6,12,cue,frontal,-0.0436995941144,-4.37
s8,12,cue,frontal,-0.007430693052729999,-0.74
s1,14,cue,frontal,0.0202417407157,2.02
s0,14,cue,frontal,-0.0240757144387,-2.41
s13,13,cue,frontal,-0.00938827240792,-0.94
s12,13,cue,frontal,-0.004449969527930001,-0.44
s11,13,cue,frontal,0.0595103573341,5.95
s10,13,cue,frontal,0.00439974274153,0.44
s4,12,cue,frontal,-0.016983906673999998,-1.7
s3,7,cue,frontal,0.026668244755199997,2.67
s1,7,cue,frontal,-0.053825194023400004,-5.38
s5,9,cue,parietal,-0.0567566311895,-5.68
s4,0,cue,frontal,-0.039116488496500006,-3.91
s3,0,cue,frontal,-0.000546239981701,-0.05
s2,0,cue,frontal,0.00780174578614,0.78
s9,1,cue,frontal,0.00534188564044,0.53
s7,3,cue,frontal,-0.0396855716001,-3.97
s10,1,cue,frontal,-0.022527165043700004,-2.25
s12,1,cue,frontal,-0.00717138016831,-0.72
s5,3,cue,frontal,0.025692650575599996,2.57
s4,3,cue,frontal,0.11851503795,11.85
s3,3,cue,frontal,0.0199464936977,1.99
s2,3,cue,frontal,0.00991479192006,0.99
s1,3,cue,frontal,0.0377499519166,3.77
s0,3,cue,frontal,0.0478587888422,4.79
s13,2,cue,frontal,0.00439599259064,0.44
s12,2,cue,frontal,-0.007507127919600002,-0.75
s11,2,cue,frontal,-0.0567680902434,-5.68
s10,2,cue,frontal,-0.0198766661917,-1.99
s9,2,cue,frontal,0.027964419796899998,2.8
s8,2,cue,frontal,-0.0124962347482,-1.25
s7,2,cue,frontal,-0.043013682712400005,-4.3
s6,2,cue,frontal,0.009210766787489999,0.92
s5,2,cue,frontal,0.00212052147172,0.21
s4,2,cue,frontal,0.0188497629838,1.88
s3,2,cue,frontal,0.0024528362129800003,0.25
s2,2,cue,frontal,-0.00904849028299,-0.9
s1,2,cue,frontal,-0.027065890167099996,-2.71
s0,2,cue,frontal,0.0242960024654,2.43
s13,1,cue,frontal,-0.010346102320000002,-1.03
s11,1,cue,frontal,-0.05881368166,-5.88
s9,13,cue,frontal,0.0200739571079,2.01
s8,13,cue,frontal,0.00841925673815,0.84
s7,13,cue,frontal,-0.0175130907603,-1.75
s8,7,cue,frontal,0.0190275220282,1.9
s6,7,cue,frontal,-0.042295381926499995,-4.23
s5,7,cue,frontal,-0.014399555076,-1.44
s4,7,cue,frontal,-0.08678567442360001,-8.68
s11,8,cue,frontal,-0.0449253297058,-4.49
s9,10,cue,frontal,0.0104634607701,1.05
s12,8,cue,frontal,-0.00319476716939,-0.32
s0,9,cue,frontal,0.0100270560903,1.0
s7,10,cue,frontal,0.0055851620763000005,0.56
s6,10,cue,frontal,-0.0642260670844,-6.42
s5,10,cue,frontal,-0.0255391841237,-2.55
s4,10,cue,frontal,-0.0665928664573,-6.66
s3,10,cue,frontal,-0.0932567846039,-9.33
s2,10,cue,frontal,-0.0037706668274099997,-0.38
s1,10,cue,frontal,-0.0979839589249,-9.8
s0,10,cue,frontal,0.0109838741313,1.1
s13,9,cue,frontal,-0.08295484081480001,-8.3
s12,9,cue,frontal,-0.007656073596260002,-0.77
s11,9,cue,frontal,-0.036139696051500005,-3.61
s10,9,cue,frontal,-0.0393027138944,-3.93
s9,9,cue,frontal,-0.00313320233461,-0.31
s8,9,cue,frontal,-0.00573536473473,-0.57
s7,9,cue,frontal,0.014398518725999999,1.44
s6,9,cue,frontal,-0.07089808257689999,-7.09
s5,9,cue,frontal,-0.0288370652557,-2.88
s4,9,cue,frontal,-0.136591741754,-13.66
s3,9,cue,frontal,-0.0775334474769,-7.75
s2,9,cue,frontal,-0.037688644057,-3.77
s1,9,cue,frontal,-0.14604799449300002,-14.6
s13,8,cue,frontal,-0.0709909206509,-7.1
s7,7,cue,frontal,0.008843981048030001,0.88
s9,7,cue,frontal,0.0036425919011,0.36
s6,13,cue,frontal,-0.0376522604288,-3.77
s10,7,cue,frontal,-0.047083648611699995,-4.71
s5,13,cue,frontal,-0.014984725195899997,-1.5
s4,13,cue,frontal,-0.021514218925099998,-2.15
s3,13,cue,frontal,-0.0476390505751,-4.76
s2,13,cue,frontal,0.0479183348854,4.79
s1,13,cue,frontal,0.0283786550184,2.84
s0,13,cue,frontal,-0.021728985185099997,-2.17
s13,12,cue,frontal,-0.020686078151599997,-2.07
s12,12,cue,frontal,-0.00303419038518,-0.3
s11,12,cue,frontal,0.0557662167698,5.58
s10,12,cue,frontal,0.00571118118196,0.57
s9,12,cue,frontal,0.0242915167749,2.43
s7,12,cue,frontal,-0.0140053394853,-1.4
s2,7,cue,frontal,-0.0783632202795,-7.84
s10,10,cue,frontal,-0.0161241042357,-1.61
s8,10,cue,frontal,-0.015140518796299999,-1.51
s10,8,cue,frontal,-0.0525045392834,-5.25
s9,8,cue,frontal,-0.008728632014290002,-0.87
s8,8,cue,frontal,0.0072777902114700005,0.73
s7,8,cue,frontal,0.015765089874,1.58
s6,8,cue,frontal,-0.0639606670951,-6.4
s5,8,cue,frontal,-0.0282917476443,-2.83
s4,8,cue,frontal,-0.160820708077,-16.08
s3,8,cue,frontal,-0.0338482069836,-3.38
s2,8,cue,frontal,-0.0696658068792,-6.97
s1,8,cue,frontal,-0.136059024168,-13.61
s0,8,cue,frontal,0.0181654208514,1.82
s13,7,cue,frontal,-0.0291302997811,-2.91
s12,7,cue,frontal,-0.00493910613621,-0.49
s11,7,cue,frontal,-0.0253667098182,-2.54
s0,0,cue,parietal,-0.00689923478092,-0.69
